First Name,Last Name,Age,Position,Location
Joel,Buckley,35,Pharmaceutical Engineer,Perezstad
Zachary,Horton,29,Clinical Trial Manager,Conwaychester
Brianna,Mendez,32,Quality Control Specialist,North Kaylaville
Katherine,Lutz,48,Pharmaceutical Engineer,Brandtland
Clifford,Thompson,23,Pharmacy Technician,Woodmouth
Tanya,Miller,24,Quality Control Specialist,North Michellemouth
Christina,Johnson,22,Lab Technician,Leslieview
Amy,Gonzalez,58,Biostatistician,Port Jorge
Scott,Mitchell,64,Quality Control Specialist,Douglasport
Janet,Moore,46,Research Scientist,Tiffanymouth
Justin,Butler,49,Biostatistician,Martinton
Sandra,Bell,24,Pharmaceutical Engineer,New Pamela
William,Phillips,37,Lab Technician,New Robert
Chris,Campbell,40,Pharmaceutical Engineer,Hodgesshire
Megan,Carr,28,Pharmaceutical Engineer,Kylehaven
Timothy,Castaneda,54,Biostatistician,Barronfort
Stephen,Wade,55,Clinical Trial Manager,Onealburgh
Renee,Johnson,38,Lab Technician,Jasonland
Amanda,Davis,59,Pharmacy Technician,North Jeffreyshire
Rachel,Hughes,59,Regulatory Affairs Specialist,Melaniestad
Jane,Bates,48,Research Scientist,Brianside
Janet,Huffman,49,Pharmacy Technician,Laurenfurt
Steven,Williams,65,Biostatistician,South Loriville
Kristin,Morris,24,Clinical Trial Manager,Curtisport
Lisa,Hill,48,Quality Control Specialist,Collinsfort
Mary,Nunez,43,Research Scientist,Bentonland
Christian,Buchanan,22,Quality Control Specialist,Katrinaton
Natalie,Oliver,44,Quality Control Specialist,Lake Natasha
Nicole,Smith,49,Quality Control Specialist,Ramosside
Jon,Wilson,34,Biostatistician,Michaelview
Timothy,Taylor,23,Pharmacy Technician,Port Shannonbury
Kristine,Winters,24,Lab Technician,Hendrixland
Sherry,Morris,30,Clinical Trial Manager,Lake Craigborough
Hannah,Huang,56,Clinical Trial Manager,West Madisonburgh
Nicholas,Barber,51,Pharmacist,South Davidport
Kyle,Anderson,45,Lab Technician,Mcdowellchester
Joseph,Martinez,63,Research Scientist,Harrisonview
Kendra,Rodriguez,29,Medical Sales Representative,West Jessica
Ian,Davis,52,Quality Control Specialist,Lake Jacob
Jennifer,Thompson,24,Quality Control Specialist,Murphyshire
Ryan,Miller,41,Pharmacist,Penaville
Tiffany,Marks,54,Lab Technician,Christianside
Steven,Nolan,49,Regulatory Affairs Specialist,South Kellyport
Antonio,Elliott,60,Regulatory Affairs Specialist,Allenville
Jimmy,Jimenez,22,Pharmacist,North Brucemouth
Thomas,Hernandez,57,Pharmacy Technician,North Christopherville
Keith,Hendrix,47,Pharmaceutical Engineer,South Robert
Elizabeth,Greer,34,Pharmacist,East Matthewland
Richard,Chang,58,Lab Technician,Tonyaberg
Bernard,Rogers,37,Pharmaceutical Engineer,Brookehaven
Kathleen,Cole,46,Clinical Trial Manager,Mariaton
Anthony,Patterson,30,Biostatistician,Port Belinda
Karen,Maddox,48,Pharmacist,West Scott
Whitney,Hendricks,28,Quality Control Specialist,Cohenburgh
David,Farmer,62,Biostatistician,West Mark
Amber,Taylor,42,Pharmaceutical Engineer,Crystalhaven
Melanie,Parker,51,Quality Control Specialist,Port Taylor
Alicia,Castillo,56,Quality Control Specialist,East Patrick
Austin,Cummings,31,Regulatory Affairs Specialist,Amandaside
Debra,Cooper,35,Pharmacy Technician,Melissaborough
Julie,Hamilton,46,Quality Control Specialist,Christinechester
Teresa,Blake,64,Clinical Trial Manager,West Hannah
Carl,Vega,48,Lab Technician,West Melissachester
Abigail,Price,22,Quality Control Specialist,Davismouth
Jamie,Alvarez,61,Quality Control Specialist,Raymondland
Susan,Flynn,39,Regulatory Affairs Specialist,North Ashleystad
Julie,Willis,50,Research Scientist,South Angela
Andrew,Hunt,61,Medical Sales Representative,Port Michellechester
Brianna,Nichols,47,Biostatistician,Michaelhaven
Deborah,Ortiz,30,Pharmaceutical Engineer,East Zachary
Elizabeth,Jennings,38,Clinical Trial Manager,Lake Johnland
Joseph,King,25,Pharmacy Technician,Huntland
Jason,Anderson,49,Lab Technician,Ericaborough
David,Smith,57,Quality Control Specialist,North Michael
Peter,Mckinney,34,Pharmacist,New Nicoleport
Michael,Watkins,61,Research Scientist,Tracichester
Margaret,Johnson,56,Pharmacist,Williamsburgh
Eric,Hampton,40,Research Scientist,East Ericchester
Wanda,Edwards,29,Lab Technician,Port Sarashire
Eric,Cross,38,Biostatistician,North Andrewville
Monica,Flores,37,Pharmacy Technician,New Justintown
Danielle,Edwards,27,Biostatistician,Davisborough
Patrick,Collins,47,Medical Sales Representative,North Erinmouth
Eddie,Bender,25,Pharmaceutical Engineer,Kyliehaven
Courtney,Webster,55,Lab Technician,Port Paulberg
Melissa,Terry,63,Lab Technician,Port Thomas
Vickie,Gordon,63,Lab Technician,Parsonsside
Barbara,Bailey,62,Research Scientist,Rodriguezhaven
Lindsey,Marshall,40,Lab Technician,West Stephenfort
Theresa,Juarez,61,Research Scientist,Gainesfurt
James,Le,33,Research Scientist,Lake Julieshire
Greg,Kelly,64,Medical Sales Representative,New Craig
Bryan,Watts,42,Pharmacist,Andersonshire
Alicia,Rowland,53,Research Scientist,Cathyborough
Teresa,Rodriguez,31,Quality Control Specialist,Aliceland
Robert,Hernandez,39,Biostatistician,Dianaville
Cynthia,Anderson,42,Pharmacy Technician,South Michaelshire
Zachary,Dickerson,63,Clinical Trial Manager,South Kathleenchester
Keith,Daniel,31,Pharmacist,Williamsbury
Jennifer,Long,59,Pharmaceutical Engineer,Port Christopherburgh
Anthony,Williamson,54,Biostatistician,New Danaborough
Lisa,Romero,45,Research Scientist,West Jennifer
Kelly,Dixon,61,Pharmacy Technician,Lake Juliamouth
Amanda,Reyes,43,Biostatistician,Matthewmouth
Benjamin,Dominguez,33,Pharmaceutical Engineer,Hernandezfurt
William,Silva,57,Clinical Trial Manager,Annefort
Carl,Martinez,38,Clinical Trial Manager,Alvarezside
Matthew,Hale,33,Biostatistician,Brownview
Sean,Aguirre,60,Biostatistician,Lake Daniel
Michael,Keller,38,Pharmacy Technician,West Juan
Jonathan,Richards,53,Research Scientist,New Shelbyhaven
Todd,Harper,61,Regulatory Affairs Specialist,Nicholeberg
William,Wood,35,Research Scientist,Devinfort
John,Porter,63,Biostatistician,Markview
John,Carlson,47,Clinical Trial Manager,South Stacy
David,Richards,29,Research Scientist,West Stevenbury
Adam,Bates,36,Lab Technician,Rodneyfurt
Edward,Scott,47,Lab Technician,Greenmouth
Kimberly,Arnold,63,Quality Control Specialist,North Randy
Kristina,Lambert,58,Research Scientist,Rebeccashire
Anna,Butler,59,Lab Technician,Lisaberg
Nicole,Wallace,28,Pharmacist,North Jessica
Teresa,Parker,31,Medical Sales Representative,Port Loritown
Julie,Moore,55,Quality Control Specialist,Norrisfurt
Scott,Alvarado,28,Pharmacy Technician,New Tannerberg
Matthew,Whitaker,38,Regulatory Affairs Specialist,Christyberg
Elizabeth,Holland,56,Clinical Trial Manager,Grayhaven
Debra,Turner,27,Medical Sales Representative,Kennethborough
David,Alvarado,53,Pharmacy Technician,Lake Steven
Rachel,Daniels,22,Quality Control Specialist,Alexisshire
Tim,Simmons,29,Research Scientist,South Karenburgh
Linda,Lester,63,Regulatory Affairs Specialist,North Melissastad
Theresa,Gallagher,55,Pharmacist,Amytown
Kristine,Cook,38,Clinical Trial Manager,East Andrew
Amanda,Dyer,38,Regulatory Affairs Specialist,Leblancborough
Matthew,Ramos,64,Quality Control Specialist,Brownmouth
Sabrina,Harvey,49,Research Scientist,Moralesmouth
Nathan,Robinson,41,Lab Technician,Lake Alexisborough
Edward,Gutierrez,34,Clinical Trial Manager,Port Frances
Maria,Perkins,40,Lab Technician,Port Carol
Paige,Donaldson,46,Biostatistician,Whiteheadtown
David,Ray,25,Lab Technician,Amandatown
Emma,Oliver,48,Research Scientist,Nicoleville
Kevin,Lynch,34,Regulatory Affairs Specialist,East Stephenburgh
Stephen,Mckay,34,Research Scientist,South Joseph
Amber,Valentine,62,Clinical Trial Manager,East Stevenfort
Victoria,Jenkins,28,Medical Sales Representative,Port Steven
Tina,Phillips,50,Medical Sales Representative,Lake Mollyburgh
Joseph,Black,48,Regulatory Affairs Specialist,Jessicamouth
Peggy,Clark,40,Clinical Trial Manager,Lake Debra
Stacy,Peck,31,Pharmaceutical Engineer,West Paul
Parker,Lewis,57,Medical Sales Representative,South Mariamouth
Stephanie,Smith,40,Biostatistician,South Levi
Sheila,Nelson,40,Lab Technician,North Travisstad
Jonathan,Hampton,60,Research Scientist,Shawnchester
Anthony,Smith,48,Pharmaceutical Engineer,East Michaelstad
Robert,Prince,65,Regulatory Affairs Specialist,North Brianside
Kristina,Johnson,45,Research Scientist,West Craigfort
Robert,Shelton,58,Pharmacy Technician,Ryanchester
Raymond,Hicks,44,Pharmaceutical Engineer,East Jonathan
Jill,Jones,28,Medical Sales Representative,Amberhaven
Evelyn,Morales,40,Pharmaceutical Engineer,Josephville
Ashley,Sparks,36,Regulatory Affairs Specialist,Jenniferview
Gregory,Green,63,Pharmaceutical Engineer,Washingtonmouth
Ann,Orozco,23,Medical Sales Representative,South Ricardo
Joshua,Herrera,38,Research Scientist,Lake Jaimehaven
Audrey,Luna,41,Medical Sales Representative,Anthonymouth
Sarah,Parker,55,Research Scientist,New Brandonmouth
Danny,Nunez,25,Biostatistician,Port Beth
Craig,Cunningham,37,Pharmacist,Schneiderberg
Emily,Carr,57,Regulatory Affairs Specialist,East Denise
Dawn,Rivera,56,Biostatistician,Port Davidstad
Anthony,Goodwin,44,Research Scientist,South Ryanstad
Teresa,Hall,57,Pharmaceutical Engineer,Steelemouth
Jamie,Higgins,23,Pharmacy Technician,East Emilyberg
Luis,Webb,37,Medical Sales Representative,Thomaston
Levi,Jordan,65,Biostatistician,Bergerside
Dustin,Tucker,22,Research Scientist,Marctown
Shelby,Nicholson,54,Research Scientist,Oliviamouth
Brenda,Ramos,65,Medical Sales Representative,Scottside
Adam,Campbell,61,Biostatistician,Jillstad
Christopher,Reyes,32,Pharmacist,Matthewmouth
Patricia,Curry,51,Biostatistician,Petermouth
Kristina,Johnson,36,Quality Control Specialist,Bethmouth
Robert,Burgess,59,Pharmaceutical Engineer,South Russellburgh
Jonathan,Davenport,34,Biostatistician,New Amber
Andrea,Daniels,40,Quality Control Specialist,New Elaine
Rodney,Evans,49,Pharmacist,West Bryan
Jeffrey,Day,53,Regulatory Affairs Specialist,South Kyle
Jessica,Cooper,53,Pharmacist,Kevinfurt
Mark,Rodriguez,56,Pharmacy Technician,Johnsonberg
Martin,Flores,43,Clinical Trial Manager,Mcclainville
Melanie,Osborn,60,Pharmacy Technician,Port Jeffreystad
Bobby,Mitchell,35,Biostatistician,Brownfurt
Erika,Ortega,45,Pharmacist,Kristinaborough
Alison,Macias,44,Medical Sales Representative,Port Tim
Meredith,Johnson,48,Research Scientist,Brendaside
Mark,Flynn,40,Medical Sales Representative,Mclaughlinmouth
Gabriella,Garcia,61,Research Scientist,South Johnathanhaven
Rhonda,Todd,27,Lab Technician,Hannahfort
Steven,Swanson,45,Research Scientist,Port Dylan
Donald,Young,56,Pharmacy Technician,Thomasport
Julie,Miller,49,Research Scientist,West Michelle
Felicia,Carrillo,42,Research Scientist,Jeremyside
Michael,Martinez,41,Pharmacist,Alexanderside
Andrew,Gardner,42,Clinical Trial Manager,Hardyside
Ronnie,Howe,30,Lab Technician,Mitchellmouth
Mike,Harris,29,Pharmaceutical Engineer,Washingtonville
David,Bennett,36,Pharmacy Technician,West Tanya
Travis,Morrow,64,Pharmaceutical Engineer,Burnettfort
Alicia,Mitchell,45,Research Scientist,Joshuaport
Felicia,Fleming,64,Lab Technician,Arnoldport
Jonathan,Palmer,30,Lab Technician,Lyonsview
Courtney,Jones,22,Regulatory Affairs Specialist,Rosefort
Mary,Elliott,33,Clinical Trial Manager,Port Christon
Peter,Vaughn,63,Medical Sales Representative,North Angelaberg
Tiffany,Paul,42,Biostatistician,Port Christopherport
Jason,Griffin,48,Research Scientist,South Jennabury
Ashley,Smith,38,Clinical Trial Manager,Vaughnfurt
Timothy,Carter,53,Biostatistician,Port Madison
Benjamin,Smith,39,Quality Control Specialist,Georgeberg
Katherine,Ward,61,Pharmacist,East Derrick
Andrew,Benton,41,Regulatory Affairs Specialist,Longton
Paul,Gonzalez,64,Pharmaceutical Engineer,Meganside
Bob,Alvarez,43,Lab Technician,Edgarburgh
Amanda,Howard,26,Pharmacy Technician,Port Timothy
Ross,Logan,51,Regulatory Affairs Specialist,Stephensberg
Troy,Graves,54,Pharmacist,Christopherton
Leslie,Frank,57,Medical Sales Representative,Brookeville
Mason,Castro,61,Biostatistician,Angelaview
Olivia,House,48,Medical Sales Representative,Lake Jonathanchester
Martin,Robbins,48,Clinical Trial Manager,East Eugene
Gabriel,Barker,31,Regulatory Affairs Specialist,Princeton
Faith,Norton,63,Clinical Trial Manager,West Amandamouth
Michael,Ray,50,Research Scientist,Lynnborough
Ryan,Miller,57,Quality Control Specialist,North Christopher
Dustin,Mcgee,61,Pharmaceutical Engineer,Guerrerochester
Anthony,Pena,46,Pharmacist,Sanchezville
Gina,Navarro,41,Research Scientist,Port Nicholas
Richard,Fletcher,64,Clinical Trial Manager,New Scott
Lance,Carlson,58,Regulatory Affairs Specialist,Alyssaberg
Lisa,Johnson,24,Medical Sales Representative,Carolville
Amy,Johnson,30,Quality Control Specialist,Lake Brianmouth
Carol,Morris,46,Research Scientist,Wagnerburgh
Amanda,Parrish,36,Biostatistician,New Melissa
Matthew,Sanchez,34,Regulatory Affairs Specialist,Lake Tiffany
Lisa,Brown,49,Pharmacy Technician,Janetville
Samantha,Chavez,26,Medical Sales Representative,Lake Ashleymouth
Holly,Curtis,50,Quality Control Specialist,Anthonyfurt
Mary,Ramos,41,Research Scientist,Lake Shawn
Jessica,Smith,37,Regulatory Affairs Specialist,Jacksonshire
Thomas,Rosales,54,Regulatory Affairs Specialist,Stevenbury
Juan,Jones,46,Research Scientist,Jacobsside
Albert,Anderson,39,Quality Control Specialist,Lake Brenda
Jeffrey,Allen,57,Pharmacist,Katherinetown
Regina,Sanders,46,Clinical Trial Manager,North Christina
Andrea,Dixon,22,Quality Control Specialist,Susanhaven
Kristine,Harris,31,Clinical Trial Manager,Frederickfurt
Robert,Knight,37,Pharmacist,Cobbside
Kristi,Lowe,24,Pharmacist,Shannonburgh
Makayla,Leonard,64,Clinical Trial Manager,North Nancyshire
Savannah,Moore,46,Lab Technician,Foxfurt
Kelsey,Morales,41,Pharmaceutical Engineer,Carlaburgh
Lindsay,Bates,42,Research Scientist,Port Joel
David,Lozano,56,Medical Sales Representative,Shannonchester
Stephanie,Thompson,53,Quality Control Specialist,North Brendamouth
Bonnie,Pittman,35,Biostatistician,New Madisonview
Nicole,Le,59,Pharmacist,Poolefort
Chelsey,Mitchell,45,Regulatory Affairs Specialist,Burtonbury
Gary,Oneal,40,Medical Sales Representative,East Charles
Hector,Walker,51,Quality Control Specialist,Stephenfort
Zoe,Johnson,28,Research Scientist,Maxwellborough
Theresa,Wright,51,Regulatory Affairs Specialist,Jessicatown
Robert,Foster,35,Regulatory Affairs Specialist,South Adamside
Deborah,Brown,32,Quality Control Specialist,New Annaborough
Lindsey,Bruce,35,Pharmacy Technician,South Emilychester
Brandy,Brown,24,Pharmacy Technician,Andersonmouth
Sabrina,George,64,Quality Control Specialist,Barryfort
Heather,Chavez,44,Quality Control Specialist,Reneestad
Taylor,Scott,34,Pharmacy Technician,Vanessaberg
John,Terry,55,Lab Technician,North Josephburgh
Lydia,Davis,40,Pharmacy Technician,Lake Aliciabury
Mark,Clark,65,Biostatistician,Moorehaven
Caroline,Salinas,34,Research Scientist,Smithland
Nicholas,Armstrong,64,Lab Technician,Lake Danielville
Patrick,Nguyen,44,Medical Sales Representative,New Teresa
Dennis,Anderson,38,Pharmacy Technician,Sierramouth
William,Davis,32,Medical Sales Representative,Lake Adam
Matthew,Green,62,Biostatistician,West David
Alexis,Cross,39,Pharmacy Technician,New Chelsea
Patricia,Miller,41,Pharmacist,Jenniferside
Rodney,Jackson,43,Regulatory Affairs Specialist,Terriville
Kevin,Rogers,64,Research Scientist,Lindachester
Martin,Luna,30,Biostatistician,New Andrea
Steven,Baldwin,42,Medical Sales Representative,Henryshire
Michaela,Garcia,28,Pharmaceutical Engineer,Davismouth
Victoria,Thomas,36,Quality Control Specialist,Manningborough
Justin,Howell,37,Pharmacist,New Lindsayhaven
Elizabeth,Rodriguez,55,Biostatistician,West Carlosstad
Kathleen,Howe,26,Quality Control Specialist,West Benjamin
Angela,Horton,49,Pharmaceutical Engineer,North Hannah
Stephanie,Ray,25,Lab Technician,Heathland
Catherine,Barrett,52,Pharmacist,Mendezmouth
Andrea,Roth,41,Medical Sales Representative,Joseville
Stacey,Leblanc,60,Quality Control Specialist,East Daniel
Brenda,Ramirez,54,Research Scientist,North Nichole
Margaret,Miller,40,Quality Control Specialist,Russellchester
Christina,Ramirez,29,Clinical Trial Manager,Williamville
Amy,Gonzalez,63,Research Scientist,New Kellychester
Robert,Barnes,50,Pharmaceutical Engineer,Angelamouth
Joe,Phillips,39,Pharmacist,Port Scottview
Renee,Harmon,49,Research Scientist,Debrahaven
Bradley,Garcia,26,Quality Control Specialist,Gregoryborough
Molly,Gibbs,53,Regulatory Affairs Specialist,Sarahmouth
Rebecca,Fisher,60,Clinical Trial Manager,South Brittanychester
Kyle,Sullivan,43,Medical Sales Representative,Port Mandy
Benjamin,Hernandez,62,Pharmacist,West Albertberg
Ashley,Trujillo,55,Regulatory Affairs Specialist,Maryhaven
David,Blanchard,34,Regulatory Affairs Specialist,Aaronmouth
Michael,Lopez,57,Lab Technician,Robertfurt
Michael,Wilson,52,Pharmacy Technician,Port Gina
Carol,West,37,Lab Technician,Lake Shane
Emily,Lyons,50,Medical Sales Representative,North Waynemouth
Garrett,Robinson,46,Pharmaceutical Engineer,West Cameron
Michael,Soto,63,Medical Sales Representative,Lake Elizabethbury
Angel,Reynolds,56,Clinical Trial Manager,Sotoview
Tracy,Harris,29,Clinical Trial Manager,Lake Charles
Johnathan,Taylor,28,Pharmaceutical Engineer,Jasontown
Brian,Young,31,Lab Technician,New Jonathanburgh
Benjamin,Todd,26,Quality Control Specialist,Port Amandaside
Noah,Schroeder,43,Research Scientist,North Amandaview
Nathan,Williams,57,Pharmaceutical Engineer,Jessicaberg
Arthur,Carter,34,Pharmacist,South Amandahaven
Betty,Fisher,60,Biostatistician,New Markport
Joel,Strickland,56,Clinical Trial Manager,Audreyville
Michael,Armstrong,64,Pharmacist,Rileymouth
Susan,Cross,53,Pharmacy Technician,New Joshuaside
Nicholas,Lee,37,Quality Control Specialist,Lake James
Jessica,Jones,60,Pharmaceutical Engineer,Adamsstad
Alicia,Martin,46,Pharmacy Technician,West Richard
Jacob,Morrison,34,Biostatistician,Janicestad
Shawn,Nelson,51,Pharmaceutical Engineer,West Christopher
Christine,Rodriguez,53,Lab Technician,Port Heather
Brian,Gomez,34,Biostatistician,North Kelliefurt
Katherine,Callahan,22,Medical Sales Representative,South Tammyville
John,Berger,51,Clinical Trial Manager,Lake Brenda
Jessica,Payne,38,Lab Technician,East Lisa
Kathleen,Rasmussen,33,Pharmacy Technician,Brittanymouth
Eileen,Thompson,52,Clinical Trial Manager,East Charlotte
Katherine,Lambert,25,Biostatistician,New Tammychester
Margaret,Bowen,42,Pharmacist,New Wandaberg
Samuel,Jones,43,Regulatory Affairs Specialist,Nicholasmouth
Robert,King,35,Quality Control Specialist,Jameston
Jason,Wood,59,Quality Control Specialist,Aliciahaven
William,Long,22,Lab Technician,Michaelton
Stephanie,Smith,29,Medical Sales Representative,New Kimberly
Andrew,Rogers,44,Pharmaceutical Engineer,West Elizabethbury
Brian,Howard,44,Pharmacy Technician,Avilamouth
Tiffany,Evans,22,Medical Sales Representative,East Robinmouth
John,Wyatt,44,Clinical Trial Manager,Kennethport
Aaron,Moyer,44,Quality Control Specialist,Jesusberg
Ronald,Vance,28,Clinical Trial Manager,Robertborough
Janet,Cox,51,Medical Sales Representative,Bartonstad
Holly,Watkins,48,Regulatory Affairs Specialist,West Daniel
Suzanne,Brown,47,Lab Technician,Burgesstown
Destiny,Castro,45,Quality Control Specialist,West Amyland
Melinda,Howard,45,Lab Technician,East Richardshire
Javier,Arnold,48,Clinical Trial Manager,Wellsland
Ronald,Hernandez,54,Lab Technician,Port Michelle
Heather,Hines,54,Biostatistician,West Christina
Melissa,Bray,46,Pharmacist,Port Katieberg
Gabriel,Kent,41,Regulatory Affairs Specialist,Lake Brianberg
Jaclyn,Diaz,54,Clinical Trial Manager,East Thomasburgh
Peggy,Watson,37,Pharmacist,Garzaton
Laura,Smith,33,Pharmaceutical Engineer,Emilyville
Alexandra,Garza,48,Lab Technician,East Paulborough
Kimberly,Marquez,54,Clinical Trial Manager,East Ronaldville
Thomas,Jimenez,29,Lab Technician,Smithfort
Kenneth,Roberts,22,Medical Sales Representative,Lake Richard
Lisa,Sanders,29,Lab Technician,East Darleneville
David,Reed,46,Lab Technician,Martinborough
Candice,Black,51,Medical Sales Representative,South Jeremyside
Janet,Campos,26,Clinical Trial Manager,Harrisport
Samantha,Salinas,46,Clinical Trial Manager,Lindabury
Regina,Suarez,42,Quality Control Specialist,Port Angela
Anita,Lane,29,Clinical Trial Manager,Cathyberg
Matthew,Gibson,25,Biostatistician,Helenstad
Ashley,Walsh,24,Lab Technician,New Donald
David,Henderson,61,Medical Sales Representative,East Johnton
Douglas,Hamilton,36,Pharmacy Technician,Tapiabury
Rebecca,Anderson,46,Pharmacist,South Jennifer
Samuel,Sims,40,Lab Technician,Josephberg
Andrea,Ferrell,53,Pharmaceutical Engineer,South Robert
Dylan,Long,47,Pharmacist,Palmerstad
Steven,Garrett,64,Lab Technician,Singletonstad
Diane,Diaz,63,Regulatory Affairs Specialist,Jonesside
Michelle,Campbell,56,Regulatory Affairs Specialist,Farmerchester
Douglas,Brown,52,Pharmacist,Lake Pamelaport
Michael,Krause,29,Research Scientist,West Suzanne
Renee,Davis,56,Regulatory Affairs Specialist,North Lisamouth
