ID,Gender,Ever_Married,Age
458989,Female,Yes,36
458994,Male,Yes,37
458996,Female,Yes,69
459000,Male,Yes,59
459001,Female,No,19
459003,Male,Yes,47
459005,Male,Yes,61
459008,Female,Yes,47
459013,Male,Yes,50
459014,Male,No,19
459015,Male,No,22
459016,Female,No,22
459024,Male,Yes,50
459026,Male,No,27
459032,Male,No,18
459033,Female,Yes,61
459036,Female,Yes,20
459039,Male,Yes,45
459041,Male,Yes,55
459045,Female,Yes,88
459056,Male,Yes,63
459057,Male,Yes,69
459058,Male,No,42
459059,Male,Yes,79
459061,Female,Yes,35
459064,Male,Yes,27
459065,Male,Yes,52
459074,Female,No,29
459077,Female,Yes,79
459079,Male,Yes,87
459080,Male,Yes,89
459083,Male,Yes,63
459090,Male,No,31
459091,Male,Yes,72
459093,Female,Yes,41
459100,Female,No,61
459106,Male,Yes,62
459114,Male,Yes,56
459116,Male,Yes,60
459117,Male,Yes,68
459118,Male,No,19
459119,Male,Yes,57
459120,Male,No,19
459121,Female,Yes,51
459123,Female,Yes,86
459130,Female,Yes,74
459132,Male,No,23
459136,Male,Yes,47
459140,Female,No,19
459143,Male,Yes,50
459144,Male,Yes,80
459145,Male,Yes,78
459150,Female,No,48
459160,Male,Yes,70
459161,Male,Yes,50
459162,Female,Yes,83
459163,Male,No,35
459167,Female,No,36
459170,Female,No,35
459171,Male,Yes,35
459172,Male,No,18
459175,Female,Yes,73
459181,Male,Yes,62
459182,Female,Yes,46
459184,Male,Yes,43
459185,Female,No,32
459193,Male,No,39
459194,Female,Yes,89
459196,Female,No,18
459208,Female,Yes,57
459209,Female,No,18
459210,Female,Yes,71
459212,Female,Yes,69
459213,Female,No,42
459216,Female,No,36
459220,Female,Yes,80
459221,Male,Yes,69
459222,Female,Yes,67
459223,Female,Yes,47
459224,Female,Yes,49
459227,Female,Yes,32
459229,Female,Yes,65
459236,Female,Yes,78
459237,Male,No,33
459244,Male,Yes,48
459247,Male,Yes,58
459258,Female,Yes,83
459263,Female,No,30
459264,Female,No,35
459266,Male,No,32
459270,Male,Yes,69
459284,Female,Yes,71
459287,Male,No,43
459288,Male,Yes,37
459289,Male,No,42
459290,Female,Yes,70
459292,Male,No,46
459293,Male,No,21
459296,Male,Yes,70
459300,Female,Yes,61
459307,Male,Yes,60
459310,Male,No,37
459316,Male,Yes,30
459318,Female,No,32
459320,Male,Yes,26
459322,Male,No,42
459323,Female,No,18
459338,Male,Yes,80
459339,Male,Yes,29
459344,Female,Yes,88
459347,Male,Yes,70
459349,Female,Yes,50
459352,Male,Yes,43
459353,Male,Yes,51
459354,Female,Yes,50
459355,Female,Yes,74
459360,Female,No,29
459361,Female,No,32
459362,Male,Yes,60
459363,Male,No,46
459364,Female,Yes,81
459369,Male,Yes,41
459375,Male,Yes,22
459377,Male,Yes,37
459383,Male,Yes,43
459384,Male,Yes,50
459385,Female,Yes,35
459386,Male,Yes,65
459391,Female,No,41
459394,Male,No,28
459397,Male,Yes,55
459398,Female,Yes,58
459401,Male,No,28
459403,Male,Yes,48
459405,Female,Yes,78
459407,Female,No,35
459409,Female,Yes,76
459410,Female,Yes,88
459412,Male,Yes,61
459413,Female,Yes,79
459415,Male,No,30
459418,Male,Yes,69
459419,Male,Yes,65
459420,Female,Yes,70
459421,Male,Yes,32
459422,Male,Yes,46
459423,Male,No,21
459424,Male,Yes,47
459428,Female,No,39
459432,Male,Yes,85
459436,Female,No,66
459439,Female,Yes,50
459445,Female,Yes,42
459447,Male,Yes,53
459449,Male,Yes,37
459451,Female,Yes,45
459456,Female,No,66
459458,Male,No,33
459459,Male,Yes,40
459461,Female,Yes,35
459464,Male,No,27
459466,Female,Yes,48
459467,Female,Yes,56
459469,Male,Yes,25
459471,Female,No,30
459480,Female,Yes,46
459481,Male,Yes,49
459482,Male,Yes,72
459485,Female,Yes,79
459496,Female,No,35
459497,Female,Yes,77
459499,Female,Yes,79
459503,Male,Yes,42
459505,Female,No,42
459507,Male,Yes,67
459509,Male,No,26
459512,Male,Yes,67
459515,Male,Yes,55
459516,Female,,56
459518,Male,Yes,63
459535,Male,Yes,46
459536,Male,Yes,32
459538,Female,No,49
459541,Male,Yes,59
459549,Male,No,22
459555,Female,No,28
459558,Male,No,28
459564,Male,Yes,75
459566,Female,Yes,37
459567,Male,Yes,50
459571,Female,Yes,50
459576,Female,Yes,88
459579,Female,Yes,35
459581,Female,No,35
459582,Male,Yes,31
459583,Male,Yes,46
459585,Female,Yes,50
459587,Female,No,33
459588,Male,Yes,49
459591,Male,Yes,52
459592,Male,No,25
459594,Female,Yes,41
459597,Female,Yes,68
459603,Female,Yes,79
459607,Male,Yes,40
459608,Female,No,62
459612,Male,No,21
459616,Female,No,20
459617,Male,No,28
459618,Male,Yes,57
459621,Female,No,25
459625,Female,Yes,63
459626,Female,Yes,26
459632,Female,Yes,50
459644,Female,No,30
459652,Female,No,26
459658,Male,Yes,61
459664,Male,No,42
459665,Male,Yes,88
459672,Male,Yes,45
459673,Female,Yes,86
459678,Male,No,18
459680,Male,No,37
459686,Male,Yes,46
459691,Male,Yes,58
459692,Female,Yes,72
459693,Female,Yes,50
459699,Female,,56
459701,Male,No,46
459710,Male,Yes,57
459711,Male,Yes,42
459712,Male,No,20
459713,Male,No,19
459715,Male,No,19
459718,Male,Yes,68
459725,Female,Yes,40
459727,Male,Yes,82
459740,Female,No,23
459742,Female,Yes,84
459745,Male,Yes,51
459746,Male,,59
459747,Female,Yes,41
459748,Male,Yes,51
459755,Female,Yes,62
459756,Female,Yes,62
459760,Female,Yes,38
459763,Male,No,18
459767,Male,No,22
459771,Female,,30
459779,Female,Yes,62
459780,Female,No,43
459785,Female,No,32
459793,Male,Yes,37
459795,Male,No,48
459801,Female,No,31
459804,Male,Yes,46
459806,Female,Yes,49
459808,Male,Yes,43
459815,Male,No,42
459816,Male,Yes,37
459819,Male,Yes,72
459821,Male,,71
459822,Female,No,39
459825,Male,No,20
459827,Female,No,26
459832,Male,Yes,72
459845,Male,Yes,70
459851,Male,No,45
459853,Male,No,33
459856,Male,Yes,50
459857,Male,No,31
459861,Female,Yes,74
459864,Female,Yes,68
459866,Female,No,49
459867,Male,Yes,49
459869,Female,No,18
459871,Female,Yes,85
459885,Female,No,38
459886,Male,Yes,28
459887,Male,Yes,46
459889,Male,Yes,59
459897,Female,Yes,56
459909,Male,Yes,69
459910,Male,Yes,66
459911,Male,No,18
459914,Male,No,36
459923,Male,No,31
459925,Male,Yes,67
459937,Female,No,39
459943,Male,No,42
459945,Male,Yes,50
459946,Female,Yes,37
459949,Female,No,59
459953,Male,Yes,50
459961,Male,Yes,48
459962,Male,Yes,55
459966,Female,No,33
459968,Male,No,38
459970,Male,No,43
459973,Female,No,53
459974,Male,No,37
459975,Female,No,36
459981,Male,No,36
459986,Male,Yes,62
459995,Female,No,38
459996,Male,No,55
459998,Male,Yes,60
460004,Female,Yes,36
460006,Male,No,30
460014,Female,No,66
460023,Male,Yes,45
460027,Female,No,40
460033,Female,,45
460036,Male,Yes,41
460040,Female,Yes,62
460045,Male,Yes,61
460046,Female,Yes,50
460050,Male,Yes,53
460051,Male,No,39
460052,Female,No,86
460058,Male,Yes,50
460059,Female,No,46
460061,Male,No,52
460066,Female,No,45
460068,Female,No,37
460073,Female,Yes,36
460075,Female,No,25
460079,Female,No,40
460081,Male,Yes,41
460088,Female,Yes,25
460090,Male,Yes,80
460093,Female,No,46
460095,Female,Yes,81
460097,Male,,40
460099,Male,No,49
460101,Female,No,26
460103,Male,No,26
460105,Female,No,47
460106,Female,Yes,71
460107,Male,Yes,48
460108,Male,Yes,39
460109,Male,Yes,50
460110,Female,No,46
460112,Male,Yes,26
460116,Female,Yes,42
460118,Female,Yes,36
460119,Male,No,29
460122,Female,No,39
460124,Female,No,41
460126,Female,Yes,48
460134,Male,Yes,40
460135,Female,No,25
460140,Female,Yes,41
460141,Male,No,37
460144,Female,No,53
460146,Female,Yes,51
460147,Male,Yes,73
460157,Male,Yes,61
460160,Male,No,39
460162,Female,No,19
460166,Female,No,19
460167,Female,No,23
460168,Male,Yes,83
460171,Female,Yes,62
460174,Female,No,43
460175,Female,No,27
460177,Male,No,50
460179,Female,No,23
460183,Male,No,35
460185,Male,No,32
460187,Female,No,42
460189,Male,No,33
460190,Female,No,28
460192,Male,Yes,35
460196,Female,No,35
460206,Female,Yes,39
460211,Male,Yes,28
460212,Male,Yes,35
460214,Female,Yes,45
460222,Female,,73
460223,Male,No,52
460227,Male,No,28
460242,Male,Yes,38
460243,Female,No,42
460247,Female,No,26
460248,Female,No,27
460252,Male,Yes,41
460263,Male,Yes,41
460265,Male,Yes,47
460270,Male,No,35
460272,Female,No,88
460275,Female,No,46
460276,Female,Yes,41
460281,Female,No,30
460283,Male,Yes,43
460284,Female,No,29
460287,Male,Yes,48
460289,Female,Yes,61
460298,Female,No,51
460303,Female,No,38
460305,Female,,49
460306,Female,No,43
460310,Male,No,27
460315,Female,No,35
460319,Female,Yes,39
460322,Female,Yes,52
460323,Female,No,38
460324,Female,No,30
460327,Female,No,43
460333,Female,No,42
460336,Female,No,46
460340,Female,No,47
460341,Female,No,32
460344,Female,Yes,53
460346,Female,Yes,43
460348,Female,No,39
460349,Male,,42
460354,Female,No,37
460356,Male,No,19
460358,Male,No,30
460361,Female,Yes,49
460362,Male,Yes,55
460365,Female,Yes,59
460369,Female,Yes,46
460370,Female,Yes,27
460371,Female,No,25
460378,Female,No,37
460379,Male,No,38
460380,Male,No,29
460381,Male,No,28
460384,Female,Yes,27
460387,Female,No,42
460388,Female,No,43
460389,Female,Yes,40
460390,Male,No,41
460392,Male,Yes,46
460394,Female,No,32
460397,Female,No,56
460399,Male,No,28
460401,Female,No,25
460404,Male,Yes,42
460405,Female,No,41
460406,Male,Yes,36
460408,Female,No,42
460409,Female,No,42
460415,Female,No,55
460422,Male,Yes,52
460431,Female,No,47
460434,Male,,57
460437,Female,No,26
460440,Female,No,28
460443,Female,No,37
460447,Male,,89
460449,Male,No,25
460450,Male,Yes,50
460453,Female,No,42
460454,Male,No,48
460457,Female,No,37
460459,Female,No,30
460460,Male,Yes,26
460467,Female,Yes,47
460470,Male,No,36
460476,Male,Yes,53
460477,Male,No,30
460484,Female,No,20
460485,Female,No,19
460489,Male,No,19
460492,Female,No,37
460495,Male,No,20
460504,Male,,39
460505,Female,No,26
460507,Male,No,31
460508,Male,Yes,31
460518,Female,Yes,41
460522,Female,Yes,32
460541,Female,Yes,42
460542,Female,Yes,89
460545,Male,Yes,78
460546,Female,Yes,65
460547,Female,Yes,48
460549,Male,No,36
460550,Female,Yes,55
460551,Male,Yes,52
460555,Male,Yes,52
460556,Female,Yes,41
460558,Female,Yes,36
460561,Female,No,37
460563,Female,No,40
460566,Male,Yes,38
460571,Male,No,25
460572,Female,No,33
460574,Male,No,26
460582,Female,No,28
460583,Male,No,18
460585,Male,No,52
460586,Male,No,26
460588,Male,No,18
460597,Female,No,20
460598,Female,Yes,36
460605,Male,Yes,27
460606,Male,No,21
460612,Male,No,27
460615,Female,No,28
460618,Male,Yes,63
460619,Male,No,48
460621,Male,Yes,80
460622,Female,Yes,71
460626,Male,Yes,47
460627,Female,No,22
460633,Male,Yes,35
460634,Female,No,40
460637,Female,No,18
460638,Female,No,26
460639,Female,Yes,73
460640,Male,Yes,86
460645,Female,No,37
460646,Male,Yes,59
460653,Female,No,28
460656,Female,Yes,29
460658,Female,Yes,37
460659,Female,Yes,46
460660,Male,No,39
460661,Female,No,33
460668,Female,No,32
460678,Female,No,32
460686,Female,,25
460687,Female,Yes,48
460691,Female,No,27
460702,Female,No,49
460703,Female,Yes,33
460706,Female,No,33
460708,Male,Yes,39
460716,Male,Yes,50
460719,Female,Yes,84
460720,Female,Yes,46
460722,Male,Yes,31
460726,Male,Yes,57
460727,Male,Yes,73
460729,Male,Yes,36
460733,Male,No,53
460734,Male,Yes,41
460738,Female,No,53
460740,Male,Yes,35
460743,Male,Yes,62
460746,Male,No,23
460763,Male,No,51
460769,Female,Yes,83
460780,Female,No,26
460783,Male,Yes,86
460785,Male,No,26
460789,Male,Yes,42
460794,Female,Yes,41
460796,Male,Yes,67
460802,Male,Yes,68
460811,Female,Yes,45
460813,Female,Yes,86
460815,Male,Yes,62
460822,Male,Yes,42
460825,Male,No,26
460828,Male,No,48
460830,Male,Yes,40
460831,Male,No,20
460837,Female,No,25
460838,Male,No,37
460840,Male,Yes,77
460844,Male,Yes,50
460846,Female,No,22
460847,Male,No,26
460851,Male,Yes,71
460855,Male,Yes,50
460857,Male,No,29
460859,Male,Yes,51
460860,Male,Yes,52
460861,Male,No,20
460866,Male,No,26
460870,Male,No,37
460871,Female,No,33
460872,Female,Yes,39
460877,Female,Yes,53
460878,Male,Yes,49
460882,Male,No,21
460888,Male,Yes,39
460891,Female,Yes,38
460897,Male,No,22
460898,Male,Yes,52
460899,Male,No,40
460901,Male,No,20
460902,Male,No,41
460905,Male,No,30
460906,Female,Yes,89
460907,Male,Yes,83
460923,Male,Yes,53
460924,Male,No,31
460928,Male,Yes,48
460934,Female,No,29
460935,Male,Yes,87
460945,Male,No,19
460953,Male,Yes,60
460961,Male,No,23
460962,Male,Yes,61
460963,Female,No,27
460968,Male,Yes,32
460975,Male,Yes,79
460976,Male,No,19
460977,Male,Yes,42
460979,Male,Yes,76
460981,Female,Yes,41
460984,Male,Yes,38
460988,Male,Yes,43
460989,Male,No,19
460991,Female,No,28
460993,Male,Yes,56
460999,Male,No,28
461000,Male,Yes,60
461001,Female,No,55
461015,Male,Yes,35
461016,Male,No,25
461022,Male,Yes,71
461023,Male,Yes,65
461024,Male,Yes,74
461028,Female,No,20
461029,Male,Yes,43
461034,Female,No,20
461037,Male,Yes,40
461038,Female,Yes,46
461041,Female,Yes,65
461042,Male,No,21
461043,Male,Yes,50
461044,Male,No,18
461049,Female,Yes,61
461050,Male,Yes,49
461053,Male,Yes,39
461059,Female,Yes,52
461060,Male,Yes,56
461065,Male,Yes,55
461071,Male,Yes,42
461078,Female,No,33
461082,Male,No,19
461085,Female,No,27
461093,Female,Yes,38
461099,Female,No,38
461111,Female,Yes,43
461114,Male,Yes,53
461116,Male,Yes,33
461118,Female,No,30
461119,Female,No,22
461121,Male,No,33
461124,Male,No,21
461127,Male,No,20
461128,Male,No,19
461129,Female,Yes,58
461131,Male,Yes,67
461145,Female,Yes,36
461152,Female,No,30
461154,Male,No,23
461158,Female,No,42
461162,Female,No,37
461163,Female,Yes,58
461168,Female,Yes,26
461169,Male,No,39
461174,Female,No,23
461177,Male,Yes,41
461178,Male,Yes,26
461179,Female,Yes,25
461181,Male,No,19
461183,Male,No,36
461187,Male,No,29
461197,Male,No,26
461198,Female,No,78
461201,Female,No,55
461205,Male,No,26
461211,Female,No,46
461214,Male,No,29
461215,Female,No,36
461218,Male,Yes,27
461220,Female,No,29
461221,Female,No,25
461225,Female,No,30
461226,Male,Yes,45
461230,Female,No,21
461232,Female,Yes,41
461233,Male,Yes,38
461236,Female,No,28
461237,Male,No,33
461241,Male,Yes,31
461242,Male,Yes,45
461243,Male,Yes,47
461248,Female,No,39
461251,Female,No,47
461252,Female,Yes,53
461256,Male,No,27
461257,Male,Yes,37
461258,Female,Yes,62
461262,Female,No,29
461263,Female,Yes,51
461265,Male,No,30
461269,Male,No,18
461274,Female,Yes,87
461276,Male,Yes,68
461277,Male,Yes,84
461281,Male,No,22
461286,Female,No,22
461289,Male,No,21
461292,Female,Yes,89
461297,Male,Yes,73
461299,Female,Yes,75
461303,Female,No,20
461308,Male,No,22
461309,Female,No,22
461313,Male,Yes,63
461314,Male,Yes,46
461319,Male,Yes,58
461320,Female,No,41
461322,Male,Yes,42
461323,Female,Yes,43
461324,Female,No,49
461326,Female,No,40
461335,Male,Yes,53
461340,Male,Yes,36
461346,Male,Yes,50
461348,Male,Yes,42
461350,Male,No,30
461352,Male,No,29
461356,Male,No,28
461357,Male,No,27
461363,Male,No,49
461366,Male,No,32
461370,Male,No,25
461377,Female,Yes,63
461378,Female,No,42
461379,Male,No,31
461383,Male,Yes,71
461388,Male,No,20
461397,Male,No,22
461402,Female,No,29
461408,Male,Yes,47
461421,Male,Yes,43
461423,Male,No,32
461426,Male,Yes,47
461428,Male,No,46
461432,Female,Yes,41
461437,Male,Yes,37
461439,Male,Yes,40
461441,Male,Yes,60
461442,Male,Yes,46
461454,Female,Yes,36
461456,Female,No,38
461457,Female,Yes,32
461458,Female,No,41
461462,Male,Yes,56
461465,Male,Yes,31
461466,Male,Yes,45
461468,Male,Yes,69
461469,Male,Yes,37
461476,Male,Yes,47
461479,Female,Yes,52
461480,Female,Yes,57
461482,Female,No,50
461494,Male,Yes,27
461501,Female,Yes,45
461503,Female,No,30
461510,Male,Yes,45
461514,Male,No,30
461516,Male,Yes,31
461518,Female,Yes,45
461521,Male,Yes,67
461522,Male,Yes,76
461525,Male,Yes,69
461526,Male,Yes,83
461530,Male,Yes,38
461534,Male,Yes,36
461540,Male,No,41
461546,Female,Yes,69
461548,Female,No,33
461553,Male,No,38
461556,Female,Yes,48
461558,Male,Yes,51
461564,Male,Yes,56
461570,Male,Yes,57
461574,Female,Yes,49
461587,Male,No,30
461593,Female,Yes,40
461602,Female,No,30
461604,Male,Yes,38
461612,Female,No,31
461615,Male,No,33
461617,Male,No,50
461619,Male,Yes,52
461624,Female,Yes,39
461626,Male,Yes,73
461630,Male,Yes,46
461637,Male,Yes,50
461644,Male,No,30
461653,Female,Yes,60
461655,Female,Yes,39
461658,Female,Yes,59
461659,Female,Yes,51
461661,Female,Yes,40
461663,Male,No,23
461668,Male,Yes,53
461671,Male,No,32
461674,Male,Yes,52
461676,Female,No,31
461679,Male,No,30
461681,Male,No,25
461683,Male,Yes,40
461685,Female,No,27
461686,Male,Yes,61
461690,Female,No,33
461694,Male,No,28
461695,Female,Yes,48
461698,Female,Yes,73
461701,Male,Yes,36
461705,Female,No,32
461708,Male,Yes,82
461709,Male,No,28
461711,Female,No,42
461716,Female,Yes,60
461720,Female,No,46
461722,Male,No,31
461724,Female,Yes,50
461725,Female,No,30
461727,Female,No,49
461737,Female,Yes,51
461738,Female,Yes,46
461744,Male,Yes,53
461747,Male,Yes,65
461749,Female,No,22
461752,Male,Yes,65
461756,Female,Yes,39
461760,Male,Yes,84
461769,Male,No,37
461771,Male,Yes,28
461775,Female,Yes,82
461778,Female,Yes,87
461780,Female,No,69
461782,Female,Yes,51
461784,Female,Yes,74
461788,Female,Yes,79
461791,Female,No,21
461792,Female,No,20
461800,Female,No,43
461801,Female,No,25
461802,Male,No,43
461804,Female,No,42
461807,Male,No,25
461815,Male,Yes,59
461816,Female,No,49
461821,Female,No,32
461822,Male,Yes,36
461824,Male,Yes,45
461832,Male,No,29
461837,Male,Yes,37
461845,Female,Yes,48
461846,Female,No,65
461848,Male,No,39
461858,Male,No,25
461859,Female,Yes,49
461860,Female,Yes,77
461862,Female,No,38
461864,Male,No,19
461872,Female,Yes,76
461873,Male,No,28
461874,Male,Yes,51
461882,Female,No,28
461892,Female,No,42
461896,Male,Yes,45
461898,Male,Yes,63
461899,Female,No,18
461901,Male,No,26
461910,Male,Yes,31
461913,Male,No,43
461914,Female,Yes,60
461921,Female,No,36
461927,Male,No,32
461928,Male,Yes,68
461929,Male,Yes,60
461930,Female,No,42
461931,Female,No,18
461936,Male,Yes,69
461937,Female,No,42
461941,Female,Yes,70
461943,Male,No,25
461962,Male,Yes,56
461963,Female,No,40
461965,Male,No,23
461967,Female,No,20
461968,Female,No,39
461978,Female,No,19
461985,Male,No,28
461988,Male,Yes,40
461989,Female,,60
461993,Male,No,33
461994,Male,Yes,20
461996,Female,No,35
461999,Male,No,27
462007,Female,Yes,42
462011,Male,Yes,30
462013,Female,Yes,56
462015,Male,Yes,28
462016,Female,Yes,38
462017,Male,No,26
462027,Male,No,36
462029,Male,No,56
462033,Male,No,26
462038,Male,No,28
462043,Male,No,32
462044,Female,No,52
462048,Female,No,23
462051,Male,No,23
462052,Male,Yes,50
462053,Male,Yes,26
462058,Male,Yes,40
462060,Female,Yes,53
462064,Male,Yes,63
462068,Male,Yes,62
462075,Female,No,38
462078,Female,Yes,57
462080,Female,No,43
462081,Male,No,21
462083,Male,No,22
462084,Male,Yes,68
462085,Female,No,28
462088,Male,Yes,33
462090,Female,No,38
462091,Male,No,23
462094,Female,No,41
462096,Female,No,41
462102,Female,No,39
462103,Female,Yes,49
462108,Female,Yes,33
462109,Male,Yes,79
462111,Male,Yes,38
462114,Male,No,21
462116,Female,Yes,68
462118,Male,No,31
462120,Male,Yes,46
462128,Male,Yes,35
462131,Female,No,42
462134,Male,Yes,87
462141,Female,No,38
462149,Female,Yes,88
462151,Female,No,42
462163,Female,Yes,26
462168,Male,Yes,35
462171,Female,Yes,41
462172,Male,Yes,37
462174,Female,Yes,41
462177,Male,No,35
462179,Female,No,33
462180,Female,Yes,61
462186,Female,No,19
462187,Female,No,50
462188,Female,Yes,48
462196,Male,Yes,57
462197,Female,Yes,72
462198,Female,No,39
462200,Female,Yes,49
462202,Female,No,41
462203,Male,Yes,65
462204,Female,No,22
462205,Female,No,23
462209,Female,Yes,41
462210,Female,Yes,42
462211,Male,No,18
462214,Male,Yes,49
462216,Female,Yes,40
462218,Male,Yes,50
462220,Female,No,19
462222,Male,No,22
462229,Male,No,23
462231,Male,No,27
462232,Male,Yes,55
462234,Male,Yes,32
462238,Male,Yes,57
462240,Male,Yes,80
462243,Male,Yes,43
462246,Female,Yes,79
462249,Male,No,25
462256,Female,Yes,58
462257,Female,Yes,78
462260,Male,Yes,76
462262,Male,No,27
462274,Male,Yes,47
462275,Male,Yes,43
462278,Male,No,31
462279,Male,No,27
462280,Male,No,31
462281,Male,Yes,46
462284,Male,Yes,48
462285,Male,Yes,51
462286,Male,Yes,57
462290,Female,No,30
462291,Female,No,37
462297,Female,No,31
462300,Male,Yes,49
462304,Male,Yes,56
462306,Male,Yes,83
462309,Male,No,32
462310,Male,Yes,63
462323,Female,Yes,71
462336,Male,Yes,50
462339,Male,No,31
462340,Male,Yes,60
462342,Female,Yes,71
462345,Male,Yes,49
462346,Male,Yes,74
462349,Male,Yes,51
462355,Male,Yes,61
462356,Male,No,46
462358,Male,Yes,39
462365,Male,Yes,85
462368,Female,Yes,31
462370,Male,Yes,39
462381,Female,Yes,48
462382,Male,Yes,71
462384,Female,No,31
462386,Female,No,32
462389,Female,Yes,55
462395,Male,Yes,46
462396,Male,Yes,53
462397,Male,Yes,50
462400,Male,No,45
462401,Male,Yes,33
462409,Female,Yes,29
462411,Male,No,35
462415,Male,No,25
462420,Male,No,26
462421,Male,No,48
462423,Male,Yes,66
462424,Female,Yes,38
462428,Male,Yes,65
462429,Male,Yes,87
462445,Male,No,20
462446,Male,No,19
462447,Male,No,22
462450,Male,No,18
462451,Male,No,18
462452,Male,No,19
462454,Male,No,19
462456,Male,No,22
462457,Male,No,31
462463,Male,Yes,63
462472,Male,No,43
462473,Male,No,73
462485,Female,Yes,39
462488,Male,No,31
462491,Male,No,31
462492,Male,Yes,43
462496,Male,Yes,52
462498,Female,Yes,63
462503,Male,Yes,51
462508,Male,Yes,35
462512,Female,Yes,32
462517,Female,Yes,39
462518,Female,No,25
462519,Male,No,20
462521,Female,No,33
462522,Male,Yes,36
462524,Female,Yes,35
462525,Female,Yes,42
462526,Female,Yes,52
462529,Female,Yes,42
462531,Female,Yes,57
462533,Female,No,30
462538,Female,Yes,73
462541,Male,Yes,66
462542,Female,Yes,62
462543,Female,Yes,36
462545,Male,No,33
462554,Male,No,28
462561,Female,Yes,48
462563,Female,Yes,53
462566,Female,Yes,27
462577,Female,Yes,71
462578,Male,Yes,35
462580,Female,No,41
462584,Female,Yes,39
462587,Female,Yes,79
462589,Female,No,29
462595,Female,No,33
462596,Female,No,31
462600,Male,Yes,25
462607,Female,,43
462609,Female,Yes,52
462611,Male,Yes,41
462612,Female,Yes,27
462613,Female,Yes,39
462615,Male,No,32
462617,Male,No,19
462619,Male,,58
462625,Male,No,30
462626,Female,No,31
462632,Female,Yes,43
462637,Female,Yes,63
462643,Female,Yes,37
462654,Male,Yes,37
462658,Female,Yes,31
462668,Female,No,38
462669,Female,Yes,41
462678,Female,Yes,45
462680,Male,Yes,35
462683,Female,Yes,43
462685,Female,No,33
462687,Male,No,26
462692,Female,Yes,39
462696,Male,Yes,49
462697,Male,,47
462702,Male,Yes,53
462704,Male,Yes,52
462705,Female,Yes,66
462716,Male,No,26
462720,Male,Yes,38
462722,Female,No,25
462723,Female,Yes,53
462727,Female,Yes,87
462729,Male,No,28
462731,Female,Yes,37
462732,Female,Yes,42
462735,Female,Yes,25
462736,Female,Yes,33
462738,Female,No,33
462739,Male,Yes,46
462743,Male,No,33
462746,Male,No,26
462747,Male,No,32
462752,Female,No,25
462755,Female,No,18
462756,Female,No,22
462761,Male,No,19
462762,Male,Yes,46
462767,Male,No,19
462768,Male,Yes,45
462776,Female,Yes,52
462785,Female,Yes,42
462788,Male,Yes,47
462792,Male,Yes,45
462799,Male,No,32
462804,Male,Yes,41
462807,Female,No,28
462810,Male,Yes,37
462814,Female,Yes,20
462817,Female,Yes,73
462819,Male,Yes,51
462823,Male,Yes,18
462824,Male,Yes,42
462826,Male,No,20
462827,Female,No,23
462834,Male,Yes,31
462838,Female,Yes,33
462841,Male,No,21
462845,Male,Yes,51
462849,Male,Yes,47
462850,Male,No,20
462853,Male,No,21
462854,Male,No,22
462858,Female,No,32
462861,Female,No,30
462866,Male,Yes,61
462868,Male,Yes,43
462869,Male,No,25
462871,Male,Yes,46
462872,Female,Yes,53
462874,Male,Yes,55
462887,Female,Yes,42
462890,Female,No,26
462891,Male,No,29
462894,Male,Yes,39
462900,Male,Yes,38
462903,Male,Yes,69
462905,Female,No,25
462914,Female,No,26
462920,Male,Yes,51
462923,Male,Yes,30
462925,Female,Yes,28
462927,Female,No,33
462936,Female,No,41
462941,Male,No,71
462944,Male,Yes,42
462951,Male,Yes,71
462956,Male,Yes,35
462958,Male,No,28
462963,Male,Yes,31
462966,Male,Yes,43
462968,Female,Yes,77
462971,Female,Yes,71
462976,Female,Yes,47
462981,Female,No,26
462982,Male,Yes,40
462983,Female,Yes,72
462984,Female,Yes,73
462986,Male,No,26
462992,Female,Yes,57
462993,Male,Yes,30
462994,Female,Yes,36
462998,Male,Yes,52
463003,Male,Yes,42
463012,Male,Yes,52
463020,Male,Yes,28
463023,Female,Yes,43
463024,Male,No,43
463028,Male,No,25
463030,Male,Yes,52
463034,Female,No,28
463037,Male,Yes,56
463039,Male,Yes,38
463040,Male,Yes,83
463044,Male,Yes,82
463047,Male,Yes,32
463051,Female,No,35
463052,Male,Yes,40
463058,Female,No,25
463062,Female,Yes,39
463069,Male,No,25
463075,Male,Yes,52
463080,Male,No,33
463083,Male,No,28
463085,Female,No,43
463086,Male,No,30
463088,Female,Yes,84
463089,Male,Yes,48
463090,Female,Yes,55
463091,Female,Yes,37
463094,Male,Yes,38
463096,Female,No,28
463099,Male,Yes,86
463100,Female,No,35
463102,Male,No,35
463104,Female,Yes,46
463106,Female,Yes,79
463108,Male,Yes,63
463118,Female,Yes,50
463120,Female,No,35
463129,Male,Yes,65
463133,Male,Yes,50
463138,Female,No,27
463144,Male,Yes,45
463145,Female,No,36
463146,Male,Yes,43
463148,Male,Yes,62
463149,Male,Yes,57
463150,Male,No,51
463151,Male,Yes,59
463154,Female,Yes,27
463156,Female,Yes,83
463157,Male,Yes,50
463158,Male,Yes,75
463163,Male,No,28
463164,Male,Yes,39
463165,Female,Yes,69
463166,Female,No,41
463170,Female,,28
463171,Female,Yes,39
463173,Male,No,47
463174,Female,Yes,62
463175,Female,,41
463181,Male,Yes,49
463187,Female,Yes,52
463192,Female,Yes,48
463195,Female,No,26
463196,Female,Yes,72
463199,Female,Yes,47
463201,Female,No,19
463203,Female,No,21
463204,Male,No,39
463209,Female,No,52
463218,Male,Yes,37
463219,Male,Yes,51
463220,Male,Yes,48
463221,Male,No,22
463224,Male,Yes,47
463240,Female,Yes,45
463242,Female,No,29
463244,Female,Yes,47
463245,Male,Yes,41
463248,Female,Yes,32
463251,Male,Yes,31
463256,Male,No,20
463258,Female,Yes,46
463260,Male,Yes,70
463265,Male,Yes,65
463266,Female,Yes,68
463267,Male,Yes,29
463269,Male,Yes,41
463270,Male,Yes,50
463273,Male,Yes,38
463276,Male,Yes,37
463277,Female,Yes,30
463278,Female,Yes,63
463280,Male,Yes,42
463292,Male,Yes,41
463302,Female,Yes,60
463308,Male,Yes,46
463316,Female,Yes,83
463323,Male,Yes,27
463324,Female,No,22
463330,Male,No,20
463332,Female,Yes,40
463334,Female,No,28
463335,Male,No,28
463338,Male,Yes,28
463340,Female,No,20
463341,Female,Yes,53
463348,Female,Yes,35
463351,Female,No,21
463356,Male,No,30
463360,Female,Yes,46
463367,Female,No,36
463368,Female,Yes,38
463372,Female,Yes,26
463375,Female,Yes,45
463376,Female,Yes,46
463378,Male,No,25
463379,Male,No,27
463386,Female,Yes,42
463387,Male,,20
463391,Male,Yes,55
463395,Male,No,25
463404,Male,Yes,27
463406,Male,No,31
463409,Female,Yes,38
463411,Male,Yes,43
463420,Female,Yes,59
463423,Male,Yes,61
463427,Female,Yes,27
463428,Male,Yes,26
463431,Male,Yes,39
463437,Male,Yes,51
463438,Male,Yes,47
463443,Male,Yes,52
463444,Male,Yes,59
463447,Male,Yes,57
463452,Female,Yes,86
463460,Male,Yes,49
463461,Male,No,30
463462,Female,Yes,43
463470,Male,No,19
463472,Male,No,20
463473,Male,No,19
463475,Female,Yes,43
463477,Male,No,31
463483,Male,Yes,30
463491,Male,Yes,27
463493,Male,Yes,36
463499,Male,Yes,47
463500,Male,Yes,35
463503,Male,Yes,25
463508,Female,Yes,25
463509,Male,No,38
463512,Female,No,32
463516,Male,Yes,48
463527,Female,No,38
463528,Male,Yes,70
463529,Male,No,42
463533,Female,Yes,85
463537,Female,No,25
463545,Female,No,31
463548,Female,No,20
463550,Female,Yes,37
463553,Male,No,33
463554,Female,No,52
463557,Male,No,26
463560,Female,No,21
463561,Female,No,42
463566,Female,Yes,35
463572,Male,Yes,39
463577,Female,Yes,41
463586,Female,No,18
463588,Male,No,22
463598,Female,Yes,25
463601,Female,No,20
463603,Female,No,18
463605,Female,No,20
463606,Male,No,21
463614,Female,No,25
463615,Female,Yes,60
463616,Female,Yes,46
463619,Male,Yes,68
463620,Male,No,21
463623,Male,No,27
463624,Male,Yes,59
463628,Female,No,26
463632,Male,Yes,26
463638,Female,Yes,32
463639,Male,No,33
463640,Male,No,28
463644,Female,No,30
463652,Female,No,32
463654,Female,No,41
463655,Male,Yes,42
463661,Female,Yes,45
463663,Female,No,39
463664,Female,No,29
463665,Male,Yes,46
463669,Female,Yes,26
463670,Female,No,26
463689,Female,Yes,41
463699,Female,Yes,38
463703,Male,Yes,69
463704,Male,No,46
463707,Female,No,40
463713,Male,No,25
463714,Male,Yes,59
463716,Male,No,26
463718,Female,No,33
463722,Male,Yes,56
463724,Male,No,30
463726,Female,No,26
463727,Female,No,28
463728,Female,Yes,28
463732,Male,No,20
463734,Male,Yes,41
463741,Male,Yes,37
463745,Male,Yes,59
463747,Female,Yes,43
463748,Male,No,20
463753,Female,No,30
463756,Male,Yes,66
463761,Male,Yes,28
463764,Male,Yes,49
463766,Female,Yes,61
463767,Male,Yes,27
463768,Female,Yes,35
463774,Male,Yes,33
463776,Female,Yes,36
463782,Female,No,27
463783,Female,No,29
463784,Female,No,31
463785,Female,No,30
463786,Female,Yes,43
463790,Male,Yes,47
463792,Female,No,42
463794,Female,No,33
463799,Female,No,36
463800,Female,No,30
463804,Male,Yes,60
463807,Female,No,32
463811,Female,Yes,32
463814,Female,No,28
463816,Male,Yes,46
463818,Female,Yes,38
463819,Male,Yes,28
463821,Male,Yes,30
463825,Female,Yes,52
463827,Female,Yes,46
463828,Male,Yes,37
463830,Female,No,25
463834,Female,Yes,43
463835,Male,No,32
463842,Female,Yes,50
463847,Male,Yes,43
463856,Male,Yes,37
463857,Male,Yes,61
463859,Male,Yes,39
463865,Male,Yes,46
463877,Male,Yes,37
463880,Female,Yes,36
463884,Female,No,28
463891,Male,Yes,86
463892,Male,No,42
463904,Male,Yes,82
463917,Female,No,18
463923,Female,No,18
463924,Female,No,36
463926,Female,No,26
463931,Male,Yes,49
463932,Female,Yes,69
463941,Female,No,29
463943,Male,No,68
463946,Male,No,33
463948,Male,Yes,38
463951,Male,Yes,52
463955,Male,Yes,28
463958,Female,No,27
463961,Female,No,28
463963,Female,Yes,25
463966,Female,No,30
463978,Male,Yes,40
463980,Female,No,25
463981,Female,No,30
463983,Female,Yes,43
463986,Female,No,26
463997,Female,Yes,37
464000,Female,No,28
464004,Female,Yes,31
464007,Male,Yes,46
464009,Female,Yes,47
464010,Male,No,28
464013,Male,No,30
464016,Female,,29
464019,Male,No,23
464021,Female,No,22
464023,Male,No,20
464030,Male,No,22
464031,Female,No,19
464032,Male,No,21
464033,Female,No,19
464039,Male,No,39
464042,Female,Yes,38
464046,Male,No,33
464048,Female,No,38
464049,Female,No,29
464053,Female,Yes,35
464054,Male,Yes,32
464059,Male,Yes,59
464063,Female,No,32
464066,Female,No,29
464067,Female,No,31
464068,Male,Yes,59
464071,Male,Yes,87
464072,Male,Yes,53
464076,Male,Yes,83
464084,Male,No,33
464087,Female,No,26
464089,Female,Yes,39
464096,Female,No,27
464099,Female,Yes,42
464103,Male,Yes,46
464110,Male,Yes,63
464112,Male,No,32
464115,Female,No,38
464118,Male,No,38
464121,Female,Yes,63
464123,Female,No,45
464127,Female,No,33
464132,Male,No,27
464137,Female,Yes,87
464139,Female,No,25
464144,Male,Yes,61
464152,Male,Yes,41
464162,Male,Yes,86
464167,Male,Yes,51
464169,Male,,83
464172,Male,Yes,60
464173,Male,Yes,65
464175,Female,No,32
464176,Female,Yes,41
464179,Female,Yes,56
464180,Female,Yes,74
464182,Male,Yes,39
464183,Female,No,42
464185,Male,Yes,68
464195,Male,No,30
464200,Female,No,32
464202,Male,Yes,43
464204,Female,Yes,40
464205,Female,Yes,87
464206,Male,Yes,43
464211,Male,Yes,48
464212,Female,Yes,58
464216,Male,Yes,52
464217,Female,No,30
464223,Female,Yes,53
464226,Female,Yes,56
464231,Male,Yes,48
464232,Male,Yes,28
464246,Female,Yes,61
464254,Male,Yes,62
464255,Female,Yes,49
464257,Male,Yes,40
464265,Male,Yes,62
464269,Male,No,35
464270,Female,No,48
464271,Female,Yes,36
464274,Female,Yes,56
464276,Female,Yes,66
464283,Male,No,40
464286,Female,Yes,57
464287,Male,Yes,42
464289,Male,Yes,35
464292,Male,Yes,58
464297,Male,No,29
464298,Male,No,26
464308,Female,Yes,84
464318,Male,Yes,86
464320,Male,Yes,77
464326,Female,No,37
464332,Male,Yes,74
464339,Male,No,27
464344,Female,Yes,56
464351,Female,No,27
464364,Male,Yes,39
464368,Male,Yes,35
464370,Male,Yes,66
464373,Female,No,47
464378,Female,Yes,36
464381,Male,Yes,43
464382,Female,Yes,55
464386,Male,Yes,41
464387,Female,No,26
464389,Male,Yes,72
464392,Male,Yes,59
464396,Male,Yes,38
464412,Male,Yes,72
464424,Male,No,31
464425,Male,No,41
464432,Male,No,25
464433,Male,No,29
464436,Male,Yes,83
464437,Female,Yes,51
464441,Male,Yes,40
464451,Female,Yes,76
464456,Male,Yes,29
464468,Male,Yes,46
464473,Female,Yes,58
464474,Female,No,46
464478,Female,Yes,74
464481,Male,Yes,53
464482,Male,Yes,63
464483,Female,Yes,49
464485,Male,No,25
464487,Male,No,46
464488,Female,No,43
464494,Female,Yes,58
464499,Male,Yes,41
464501,Female,No,28
464504,Male,No,26
464506,Male,No,29
464517,Male,No,33
464522,Female,No,39
464526,Male,Yes,51
464528,Male,Yes,46
464533,Male,Yes,38
464536,Male,Yes,26
464540,Female,Yes,42
464544,Female,Yes,43
464549,Male,Yes,53
464550,Male,Yes,46
464552,Female,Yes,40
464553,Male,Yes,71
464555,Male,Yes,32
464560,Male,No,41
464561,Female,No,46
464566,Male,Yes,40
464569,Male,No,29
464570,Male,Yes,25
464572,Female,Yes,52
464576,Male,No,30
464577,Female,Yes,25
464580,Male,No,32
464581,Female,No,33
464586,Female,No,49
464593,Female,No,43
464594,Male,Yes,48
464597,Male,No,41
464601,Female,No,29
464603,Female,No,35
464606,Male,Yes,41
464607,Female,Yes,47
464608,Female,Yes,53
464618,Male,,40
464620,Female,Yes,40
464621,Male,Yes,46
464637,Female,No,36
464641,Female,Yes,71
464652,Female,Yes,30
464654,Female,Yes,40
464664,Male,Yes,43
464666,Male,Yes,40
464670,Male,Yes,39
464673,Male,Yes,49
464674,Male,Yes,51
464675,Female,Yes,39
464677,Male,Yes,23
464683,Male,Yes,53
464684,Female,No,35
464685,Male,No,35
464688,Male,Yes,30
464690,Male,Yes,39
464691,Male,No,38
464692,Female,No,53
464693,Female,No,36
464695,Male,No,33
464696,Female,No,40
464697,Female,Yes,36
464699,Male,No,31
464701,Male,No,31
464704,Male,Yes,41
464707,Male,Yes,48
464711,Female,Yes,38
464712,Male,Yes,49
464722,Male,Yes,42
464726,Male,Yes,28
464728,Male,Yes,51
464732,Male,Yes,41
464737,Female,Yes,57
464739,Male,Yes,67
464746,Male,Yes,29
464752,Female,Yes,46
464755,Male,Yes,49
464756,Female,No,28
464758,Female,Yes,48
464760,Female,Yes,51
464765,Female,Yes,48
464766,Female,Yes,48
464769,Female,,52
464772,Female,Yes,39
464774,Female,Yes,50
464780,Female,No,33
464790,Female,No,35
464792,Male,Yes,30
464794,Female,Yes,46
464799,Male,No,36
464802,Male,No,43
464804,Male,Yes,26
464806,Male,Yes,33
464809,Male,Yes,50
464812,Female,Yes,49
464813,Male,Yes,48
464817,Male,No,31
464818,Female,Yes,38
464825,Female,No,21
464827,Female,Yes,50
464828,Male,No,23
464831,Female,Yes,21
464832,Male,Yes,71
464835,Male,No,20
464836,Female,,32
464845,Male,Yes,29
464849,Male,Yes,42
464851,Male,No,20
464852,Male,Yes,36
464854,Female,Yes,42
464857,Male,No,18
464861,Male,No,25
464864,Female,No,30
464865,Female,No,28
464868,Male,Yes,42
464872,Male,Yes,38
464873,Male,Yes,42
464876,Female,Yes,52
464879,Female,Yes,29
464884,Male,Yes,40
464885,Female,No,38
464886,Male,Yes,37
464902,Female,Yes,65
464905,Male,,81
464907,Male,,59
464910,Female,Yes,47
464911,Male,Yes,57
464915,Male,Yes,39
464916,Female,,32
464919,Male,Yes,37
464920,Male,No,39
464921,Male,Yes,39
464925,Male,,60
464927,Female,Yes,70
464932,Male,Yes,51
464938,Male,Yes,48
464939,Male,No,43
464940,Female,Yes,29
464944,Female,Yes,43
464947,Male,No,25
464957,Female,Yes,75
464960,Female,No,22
464961,Male,Yes,86
464963,Female,Yes,50
464972,Male,Yes,73
464973,Male,No,87
464981,Male,Yes,49
464987,Male,Yes,46
464990,Male,Yes,73
464991,Female,Yes,87
464995,Male,Yes,53
465001,Male,Yes,84
465005,Male,Yes,47
465012,Male,Yes,59
465014,Male,Yes,82
465022,Female,Yes,71
465023,Male,Yes,39
465026,Female,No,25
465032,Male,Yes,67
465035,Female,Yes,83
465038,Male,Yes,49
465039,Female,Yes,87
465040,Male,Yes,69
465045,Male,Yes,40
465056,Male,Yes,87
465069,Male,Yes,68
465075,Female,Yes,43
465076,Male,Yes,67
465079,Male,Yes,80
465082,Male,Yes,65
465087,Male,No,29
465091,Male,Yes,60
465092,Male,Yes,72
465093,Male,Yes,57
465095,Male,Yes,47
465099,Male,Yes,39
465100,Male,Yes,62
465101,Female,Yes,81
465105,Male,Yes,65
465109,Male,No,47
465111,Female,Yes,40
465112,Female,Yes,86
465113,Male,Yes,67
465119,Female,Yes,45
465120,Female,No,27
465121,Female,No,32
465122,Female,Yes,41
465124,Female,Yes,27
465128,Female,Yes,58
465134,Female,Yes,61
465136,Male,Yes,52
465144,Male,No,25
465147,Male,No,33
465148,Male,No,31
465150,Male,No,37
465153,Male,Yes,38
465155,Male,Yes,81
465160,Male,Yes,61
465164,Male,No,20
465171,Female,Yes,48
465172,Female,Yes,43
465175,Female,No,22
465176,Female,Yes,63
465181,Female,No,25
465182,Female,No,73
465186,Female,Yes,43
465187,Female,Yes,39
465188,Female,Yes,49
465189,Female,Yes,83
465194,Male,No,22
465196,Female,No,31
465197,Female,Yes,60
465201,Male,Yes,42
465202,Male,No,25
465203,Male,No,29
465204,Male,Yes,29
465213,Male,Yes,39
465214,Male,Yes,33
465216,Male,Yes,35
465226,Male,Yes,38
465228,Male,Yes,59
465231,Male,Yes,67
465236,Male,Yes,45
465237,Male,Yes,70
465242,Male,No,19
465249,Female,No,23
465254,Male,No,22
465261,Female,No,23
465264,Male,Yes,80
465267,Male,Yes,40
465274,Male,No,36
465285,Female,Yes,31
465288,Female,Yes,20
465289,Male,Yes,31
465290,Male,Yes,50
465294,Male,Yes,67
465295,Female,,43
465296,Female,Yes,85
465303,Female,Yes,65
465306,Male,Yes,71
465310,Female,No,20
465319,Male,No,20
465326,Male,Yes,87
465333,Female,Yes,37
465335,Male,Yes,59
465340,Female,No,29
465342,Male,Yes,85
465344,Female,Yes,72
465345,Female,No,42
465351,Female,Yes,45
465352,Male,Yes,59
465354,Male,No,19
465357,Female,Yes,47
465358,Female,Yes,73
465359,Female,Yes,42
465364,Female,No,37
465366,Female,No,38
465371,Female,No,41
465372,Female,No,40
465383,Female,Yes,30
465384,Male,Yes,56
465391,Female,Yes,65
465393,Male,Yes,35
465395,Female,Yes,37
465399,Male,No,36
465405,Female,,26
465408,Male,No,25
465410,Male,No,30
465417,Male,Yes,37
465419,Male,No,30
465423,Male,Yes,46
465428,Female,No,38
465433,Female,No,40
465435,Female,No,31
465437,Male,Yes,45
465440,Male,Yes,55
465441,Female,Yes,51
465445,Female,No,29
465458,Female,Yes,74
465461,Male,Yes,69
465463,Female,No,28
465464,Male,Yes,41
465467,Male,,29
465471,Male,Yes,39
465472,Female,Yes,74
465473,Female,No,59
465477,Male,No,27
465479,Male,No,33
465482,Male,No,31
465483,Male,Yes,46
465484,Female,Yes,63
465488,Male,No,22
465489,Female,No,53
465492,Male,Yes,59
465496,Male,Yes,84
465505,Male,Yes,63
465507,Male,Yes,35
465508,Male,No,21
465510,Male,Yes,67
465518,Female,Yes,41
465520,Female,No,27
465521,Female,Yes,53
465522,Female,No,33
465529,Female,No,32
465538,Male,Yes,59
465539,Female,Yes,50
465541,Female,Yes,50
465543,Female,Yes,41
465547,Female,Yes,71
465550,Female,No,33
465551,Female,Yes,46
465554,Female,No,78
465555,Female,Yes,69
465558,Female,No,40
465568,Male,Yes,43
465569,Male,Yes,36
465571,Male,Yes,35
465577,Male,No,30
465584,Male,Yes,47
465586,Male,Yes,69
465587,Male,Yes,41
465594,Male,Yes,33
465598,Male,No,27
465600,Male,Yes,38
465601,Male,Yes,35
465602,Male,Yes,27
465603,Female,Yes,51
465605,Female,Yes,52
465611,Male,No,53
465612,Male,Yes,43
465616,Male,Yes,42
465621,Male,No,36
465625,Male,No,36
465627,Female,No,40
465629,Male,Yes,47
465635,Male,No,30
465638,Female,Yes,53
465640,Male,Yes,45
465644,Male,No,33
465645,Female,No,40
465649,Female,Yes,36
465651,Male,No,32
465653,Female,Yes,51
465655,Female,No,49
465656,Male,Yes,81
465658,Male,Yes,72
465663,Female,No,70
465667,Male,No,21
465668,Male,No,21
465669,Female,Yes,41
465670,Female,No,49
465675,Female,No,51
465680,Male,Yes,28
465685,Male,No,37
465688,Female,Yes,63
465689,Male,No,19
465695,Female,No,32
465697,Female,Yes,51
465703,Male,Yes,26
465704,Male,Yes,61
465705,Female,Yes,51
465706,Female,Yes,45
465721,Male,Yes,29
465722,Male,Yes,47
465725,Male,No,25
465727,Male,No,40
465728,Male,No,45
465733,Male,Yes,32
465734,Male,Yes,38
465736,Female,No,38
465737,Female,Yes,48
465740,Female,No,71
465742,Female,Yes,46
465751,Female,Yes,46
465753,Female,Yes,49
465766,Male,Yes,43
465768,Female,No,38
465769,Male,No,25
465772,Female,Yes,46
465775,Female,No,28
465776,Female,No,41
465777,Female,No,32
465784,Female,No,21
465788,Male,No,22
465793,Male,No,27
465797,Male,Yes,40
465804,Female,Yes,68
465809,Female,No,25
465811,Male,No,28
465813,Male,No,28
465818,Male,No,27
465823,Male,Yes,67
465826,Male,Yes,46
465828,Female,No,33
465829,Female,Yes,40
465830,Female,Yes,48
465831,Male,Yes,42
465837,Male,No,56
465841,Female,No,51
465848,Female,No,27
465849,Female,No,25
465851,Female,Yes,51
465853,Female,Yes,26
465857,Female,No,35
465860,Female,,25
465863,Male,No,30
465865,Female,No,41
465866,Male,Yes,42
465867,Female,Yes,40
465873,Male,No,36
465875,Female,No,39
465884,Male,Yes,40
465893,Female,Yes,40
465894,Male,No,28
465907,Female,No,31
465916,Male,No,41
465923,Female,No,28
465925,Male,No,30
465927,Female,No,30
465930,Female,No,38
465931,Male,Yes,43
465935,Male,No,29
465937,Female,No,30
465941,Male,Yes,27
465948,Female,Yes,48
465953,Female,No,51
465957,Female,No,48
465960,Female,No,28
465961,Female,No,40
465963,Male,Yes,51
465965,Female,Yes,36
465972,Female,No,51
465974,Male,Yes,45
465975,Male,No,40
465976,Male,No,40
465979,Male,Yes,41
465982,Male,Yes,43
465983,Male,,21
465996,Male,No,23
465997,Female,No,31
466001,Female,Yes,42
466007,Male,Yes,61
466017,Female,Yes,45
466019,Female,Yes,63
466020,Male,Yes,86
466022,Female,Yes,67
466023,Male,Yes,71
466024,Female,Yes,43
466032,Male,,28
466042,Male,Yes,47
466043,Female,Yes,53
466046,Female,Yes,36
466058,Male,Yes,35
466069,Female,Yes,48
466071,Female,Yes,60
466078,Female,Yes,45
466079,Female,Yes,42
466082,Female,Yes,89
466083,Female,No,23
466084,Male,Yes,46
466085,Male,No,22
466088,Female,No,30
466090,Male,Yes,58
466092,Male,Yes,73
466099,Female,Yes,71
466103,Female,Yes,35
466109,Male,Yes,52
466111,Male,Yes,84
466114,Male,Yes,47
466115,Male,Yes,39
466118,Female,Yes,40
466124,Female,No,46
466128,Male,No,40
466130,Female,No,27
466132,Female,No,23
466136,Female,No,21
466138,Male,Yes,70
466140,Male,Yes,28
466141,Female,Yes,58
466142,Female,Yes,27
466143,Female,Yes,49
466146,Female,Yes,37
466148,Male,Yes,39
466149,Female,No,28
466153,Male,Yes,73
466154,Female,Yes,51
466156,Female,Yes,48
466157,Male,Yes,72
466161,Male,Yes,47
466162,Female,Yes,67
466166,Male,Yes,77
466172,Male,Yes,46
466178,Female,Yes,52
466180,Male,Yes,67
466185,Male,Yes,62
466200,Male,Yes,45
466201,Male,Yes,40
466206,Female,Yes,60
466207,Female,Yes,37
466208,Male,Yes,69
466210,Female,Yes,58
466211,Male,Yes,52
466213,Male,No,20
466218,Female,,23
466223,Male,Yes,66
466225,Male,No,19
466226,Female,Yes,53
466233,Female,Yes,59
466235,Female,Yes,61
466236,Female,Yes,68
466238,Male,No,20
466246,Male,No,20
466247,Female,,49
466253,Male,No,19
466257,Female,No,27
466264,Male,Yes,32
466268,Female,Yes,67
466271,Male,No,27
466274,Male,Yes,72
466276,Female,No,32
466278,Female,No,28
466282,Male,Yes,29
466285,Female,No,19
466286,Female,Yes,52
466287,Female,Yes,47
466289,Male,No,19
466290,Female,No,18
466292,Female,Yes,79
466297,Female,No,19
466300,Female,Yes,48
466301,Male,Yes,52
466306,Male,No,23
466313,Female,Yes,58
466315,Female,Yes,69
466317,Male,Yes,37
466318,Female,No,30
466319,Female,,25
466320,Female,No,39
466321,Male,Yes,43
466324,Female,No,32
466326,Male,No,23
466335,Female,No,30
466337,Female,Yes,41
466341,Male,Yes,49
466347,Male,Yes,66
466352,Female,Yes,67
466355,Male,No,30
466367,Female,No,39
466370,Female,,52
466372,Female,Yes,57
466373,Male,Yes,63
466376,Female,Yes,52
466377,Male,Yes,61
466380,Male,Yes,35
466381,Male,Yes,52
466382,Female,Yes,45
466387,Male,Yes,37
466389,Female,Yes,45
466391,Female,Yes,55
466392,Female,Yes,49
466393,Female,Yes,42
466395,Female,Yes,39
466397,Male,No,18
466400,Male,Yes,43
466401,Male,Yes,50
466402,Male,Yes,37
466404,Female,No,37
466406,Male,Yes,63
466408,Male,Yes,83
466411,Male,Yes,55
466414,Male,Yes,71
466418,Male,Yes,87
466419,Female,Yes,49
466422,Male,Yes,27
466427,Female,Yes,25
466429,Male,Yes,42
466443,Female,Yes,66
466450,Female,No,32
466455,Female,Yes,32
466456,Female,Yes,37
466457,Female,Yes,62
466463,Female,No,33
466464,Female,Yes,45
466466,Female,,18
466467,Female,Yes,37
466468,Male,No,30
466474,Male,No,31
466478,Female,Yes,48
466483,Male,No,31
466486,Female,Yes,36
466488,Male,Yes,61
466490,Female,Yes,83
466493,Male,Yes,77
466500,Female,Yes,46
466501,Male,Yes,48
466502,Male,No,19
466516,Male,No,21
466517,Female,No,40
466526,Male,No,27
466527,Female,Yes,49
466530,Male,No,19
466533,Female,No,53
466535,Male,No,29
466536,Male,No,23
466538,Male,Yes,84
466541,Male,No,38
466543,Male,No,26
466545,Female,No,19
466550,Female,,22
466552,Male,Yes,20
466553,Male,Yes,36
466556,Male,No,18
466562,Female,No,20
466564,Female,No,18
466565,Male,Yes,32
466576,Female,No,18
466586,Male,No,18
466588,Female,No,21
466596,Female,Yes,75
466603,Male,Yes,37
466606,Female,Yes,35
466613,Male,No,20
466623,Male,Yes,58
466628,Male,No,33
466631,Male,Yes,58
466634,Male,No,20
466635,Male,Yes,50
466644,Female,No,51
466650,Female,No,27
466652,Female,Yes,58
466655,Male,Yes,62
466656,Male,Yes,79
466658,Female,No,19
466662,Female,No,33
466665,Male,Yes,36
466666,Female,Yes,29
466671,Female,,28
466686,Female,No,22
466687,Male,No,21
466688,Male,No,22
466689,Male,No,28
466696,Female,Yes,48
466704,Male,Yes,48
466705,Male,Yes,66
466707,Female,Yes,47
466713,Female,Yes,68
466718,Male,Yes,73
466720,Female,Yes,59
466721,Male,Yes,38
466725,Female,Yes,76
466731,Female,Yes,40
466732,Female,Yes,49
466733,Female,No,33
466735,Male,No,18
466746,Female,Yes,69
466749,Male,No,22
466750,Female,No,18
466751,Female,No,20
466752,Male,Yes,36
466753,Female,Yes,67
466754,Female,Yes,37
466759,Female,No,26
466760,Male,Yes,51
466765,Female,Yes,67
466769,Female,No,29
466775,Female,Yes,76
466776,Male,Yes,86
466777,Female,Yes,51
466778,Male,Yes,35
466788,Male,No,30
466790,Male,Yes,47
466791,Male,Yes,81
466792,Female,Yes,85
466795,Male,,60
466799,Female,No,21
466802,Female,,40
466804,Female,,35
466807,Female,,35
466808,Female,No,41
466810,Male,No,18
466811,Male,No,22
466813,Male,Yes,61
466814,Male,No,23
466815,Male,No,31
466816,Male,Yes,82
466818,Male,Yes,84
466826,Male,Yes,41
466832,Female,Yes,66
466833,Male,Yes,57
466846,Male,No,20
466863,Female,No,32
466867,Female,No,29
466871,Male,Yes,36
466874,Male,Yes,38
466884,Female,Yes,43
466886,Female,No,42
466891,Female,Yes,48
466905,Male,Yes,62
466906,Male,No,63
466908,Male,Yes,60
466909,Male,Yes,63
466910,Male,Yes,62
466917,Male,Yes,40
466918,Male,Yes,63
466920,Male,No,19
466923,Female,No,21
466926,Male,No,21
466927,Male,No,22
466936,Male,Yes,60
466938,Male,Yes,59
466939,Male,Yes,73
466951,Female,Yes,52
466954,Female,Yes,66
466955,Male,Yes,61
466956,Female,Yes,61
466961,Female,Yes,61
466966,Male,Yes,59
466967,Male,Yes,51
466970,Female,Yes,36
466971,Male,No,71
466975,Male,Yes,48
466990,Male,Yes,43
466996,Female,No,36
466998,Female,Yes,57
466999,Male,No,33
467000,Female,No,31
467008,Male,Yes,57
467009,Female,No,33
467022,Male,No,30
467023,Male,Yes,26
467025,Female,No,29
467044,Female,No,42
467046,Female,No,30
467050,Female,No,18
467053,Male,No,18
467058,Male,Yes,80
467060,Male,No,35
467063,Male,Yes,45
467073,Male,No,42
467078,Female,Yes,26
467079,Male,Yes,38
467084,Male,Yes,41
467085,Male,No,45
467088,Male,Yes,57
467092,Female,No,33
467093,Female,Yes,51
467098,Male,Yes,85
467099,Female,No,30
467107,Male,Yes,38
467111,Male,Yes,66
467112,Male,No,40
467113,Male,Yes,83
467114,Male,Yes,61
467116,Male,Yes,65
467119,Male,Yes,37
467121,Male,Yes,47
467125,Male,Yes,51
467127,Male,Yes,73
467129,Female,,49
467132,Female,Yes,73
467136,Male,Yes,37
467137,Female,Yes,55
467138,Female,No,32
467139,Female,No,28
467143,Female,No,50
467144,Male,Yes,38
467146,Female,No,28
467147,Male,No,46
467153,Female,Yes,47
467157,Male,Yes,39
467158,Female,No,26
467159,Female,Yes,37
467160,Male,Yes,43
467165,Female,No,27
467167,Male,Yes,69
467168,Male,Yes,47
467172,Male,No,36
467180,Male,Yes,43
467183,Male,Yes,42
467185,Male,No,29
467189,Female,Yes,45
467193,Male,Yes,88
467201,Female,No,33
467202,Male,Yes,18
467208,Female,Yes,41
467212,Female,No,28
467216,Female,No,30
467217,Female,Yes,79
467218,Female,No,27
467223,Female,Yes,53
467227,Female,No,43
467230,Male,No,19
467232,Male,No,26
467233,Female,No,67
467235,Female,No,32
467238,Female,No,26
467239,Female,No,29
467241,Female,No,33
467242,Male,No,22
467247,Female,No,27
467256,Male,No,30
467260,Male,No,25
467263,Female,No,32
467268,Male,Yes,85
467275,Male,No,29
467281,Male,Yes,56
467283,Male,Yes,52
467288,Female,No,25
467296,Female,Yes,65
467300,Female,Yes,49
467301,Female,Yes,73
467303,Male,Yes,36
467309,Female,No,36
467311,Male,Yes,71
467312,Female,Yes,55
467313,Male,Yes,35
467314,Male,Yes,41
467317,Male,No,42
467318,Male,Yes,35
467322,Female,Yes,48
467325,Female,Yes,73
467329,Female,No,40
467338,Female,No,29
467339,Male,,62
467344,Male,Yes,89
467345,Male,Yes,86
467346,Male,Yes,38
467352,Male,Yes,45
467355,Male,No,26
467357,Male,Yes,55
467358,Female,Yes,52
467359,Male,Yes,43
467365,Male,No,35
467367,Male,Yes,73
467369,Male,No,41
467373,Male,No,27
467375,Male,Yes,35
467378,Female,Yes,63
467384,Male,No,41
467385,Male,No,53
467389,Male,No,42
467393,Female,Yes,46
467398,Male,Yes,38
467399,Male,Yes,25
467403,Female,Yes,40
467410,Female,Yes,55
467415,Female,No,29
467419,Female,Yes,39
467421,Male,Yes,50
467422,Female,Yes,61
467423,Male,Yes,56
467434,Male,No,40
467437,Female,Yes,86
467438,Male,No,27
467441,Male,No,35
467442,Male,Yes,56
467444,Female,Yes,36
467445,Male,Yes,32
467449,Female,Yes,85
467451,Female,Yes,51
467455,Female,No,41
467456,Male,Yes,42
467457,Female,No,30
467459,Male,Yes,42
467463,Female,Yes,42
467468,Female,No,25
467472,Male,Yes,60
467474,Male,No,18
467479,Male,Yes,36
467481,Male,Yes,49
467482,Male,Yes,42
467487,Male,Yes,42
467488,Female,Yes,39
467492,Female,Yes,62
467493,Male,Yes,47
467499,Male,Yes,39
467500,Female,Yes,25
467503,Female,No,27
467504,Female,,31
467505,Male,Yes,36
467510,Male,Yes,51
467511,Male,Yes,63
467514,Male,No,40
467518,Male,No,22
467532,Male,Yes,52
467533,Male,Yes,89
467537,Female,Yes,65
467539,Male,Yes,48
467540,Male,Yes,48
467542,Male,No,31
467557,Female,Yes,62
467559,Male,Yes,58
467565,Male,Yes,60
467569,Male,No,19
467570,Male,No,18
467576,Male,Yes,48
467579,Male,No,35
467580,Male,No,27
467588,Male,Yes,60
467589,Male,No,32
467592,Male,Yes,40
467595,Female,No,25
467596,Male,Yes,42
467604,Male,No,26
467608,Male,No,27
467609,Male,No,42
467610,Female,Yes,77
467612,Male,Yes,70
467614,Male,Yes,36
467620,Male,Yes,57
467621,Male,Yes,76
467623,Male,Yes,77
467629,Male,Yes,52
467635,Female,No,35
467641,Male,Yes,43
467643,Male,No,43
467654,Female,Yes,62
467657,Male,No,21
467658,Male,No,23
467659,Male,Yes,65
467664,Male,Yes,35
467666,Male,Yes,48
467667,Male,Yes,33
467669,Male,Yes,82
467673,Male,Yes,45
467678,Male,No,56
467679,Female,Yes,49
467683,Male,Yes,30
467684,Male,No,37
467685,Male,Yes,51
467693,Male,Yes,59
467694,Male,Yes,56
467699,Female,Yes,29
467705,Male,Yes,31
467706,Female,Yes,35
467707,Male,Yes,89
467710,Female,No,38
467715,Male,Yes,45
467721,Male,No,37
467723,Male,Yes,74
467726,Male,Yes,82
467727,Male,Yes,53
467728,Female,Yes,43
467729,Male,Yes,62
467733,Male,Yes,56
467734,Male,Yes,88
467735,Male,No,28
467737,Female,Yes,51
467739,Female,Yes,60
467740,Male,No,19
467741,Male,No,23
467749,Male,No,20
467763,Female,No,50
467767,Female,No,21
467768,Male,Yes,62
467769,Female,No,36
467772,Female,No,31
467779,Male,Yes,52
467789,Male,No,20
467798,Female,No,23
467802,Female,Yes,48
467803,Female,Yes,40
467806,Male,Yes,55
467808,Female,Yes,62
467812,Male,No,48
467813,Male,Yes,36
467815,Female,Yes,73
467825,Female,No,23
467828,Female,Yes,25
467838,Male,Yes,60
467848,Male,No,37
467849,Female,Yes,39
467852,Female,No,39
467856,Male,Yes,58
467860,Female,No,33
467861,Female,No,29
467864,Female,Yes,66
467865,Female,No,40
467868,Female,Yes,66
467876,Female,Yes,50
467879,Female,Yes,51
467880,Female,Yes,50
467882,Female,No,39
467883,Female,Yes,46
467888,Male,No,29
467891,Female,No,29
467892,Male,No,23
467894,Male,Yes,57
467895,Female,No,31
467898,Female,Yes,69
467901,Female,No,28
467904,Female,No,31
467905,Male,Yes,37
467911,Male,Yes,58
467913,Male,Yes,48
467915,Female,No,18
467917,Female,No,27
467927,Male,No,30
467929,Female,Yes,36
467930,Male,Yes,45
467932,Female,No,26
467933,Female,No,23
467934,Female,No,42
467938,Male,Yes,46
467940,Female,No,27
467946,Female,Yes,42
467948,Female,No,19
467949,Male,No,21
467950,Female,No,35
467954,Male,No,29
467958,Female,No,35
467960,Female,No,53
467961,Male,Yes,47
467968,Female,No,43
